City_ID,City,Country,Date,Lat,Lng,Max Temp,Humidity,Cloudiness,Wind Speed
0,Cape Town,ZA,2022-07-14 20:05:03,-33.9258,18.4232,60.39,83,16,4.0
1,Mataura,NZ,2022-07-14 20:08:37,-46.1927,168.8643,37.47,99,100,2.91
2,East London,ZA,2022-07-14 20:08:37,-33.0153,27.9116,60.13,68,1,13.53
3,Ilulissat,GL,2022-07-14 20:08:37,69.2167,-51.1,46.99,51,8,7.58
4,Walvis Bay,NA,2022-07-14 20:08:38,-22.9575,14.5053,56.08,57,0,8.93
5,Nanortalik,GL,2022-07-14 20:08:38,60.1432,-45.2371,47.88,75,100,5.39
6,Rikitea,PF,2022-07-14 20:08:38,-23.1203,-134.9692,66.4,82,100,11.18
7,Carnarvon,AU,2022-07-14 20:08:39,-24.8667,113.6333,66.69,81,42,10.83
8,Jamestown,US,2022-07-14 20:08:39,42.097,-79.2353,78.03,48,0,6.91
9,High Prairie,CA,2022-07-14 20:06:59,55.4334,-116.4858,69.42,46,100,9.93
10,Bilibino,RU,2022-07-14 20:04:31,68.0546,166.4372,50.56,57,6,2.98
11,Georgetown,MY,2022-07-14 20:08:40,5.4112,100.3354,80.53,88,20,0.0
12,Goundam,ML,2022-07-14 20:08:40,16.4145,-3.6708,93.54,37,15,9.86
13,Chokurdakh,RU,2022-07-14 20:08:40,70.6333,147.9167,52.65,57,81,5.66
14,Bluff,NZ,2022-07-14 20:08:41,-46.6,168.3333,37.8,87,100,14.5
15,Leningradskiy,RU,2022-07-14 20:08:41,69.3833,178.4167,36.25,74,7,11.54
16,Thompson,CA,2022-07-14 20:08:41,55.7435,-97.8558,74.14,74,100,5.77
17,Puerto Ayora,EC,2022-07-14 20:08:42,-0.7393,-90.3518,76.96,88,68,8.99
18,Torbay,CA,2022-07-14 20:08:42,47.6666,-52.7314,65.88,77,64,5.99
19,Busselton,AU,2022-07-14 20:08:42,-33.65,115.3333,59.5,74,78,15.08
20,Saint-Philippe,RE,2022-07-14 20:08:43,-21.3585,55.7679,66.22,81,79,9.48
21,Hithadhoo,MV,2022-07-14 20:08:43,-0.6,73.0833,83.44,74,100,13.87
22,Gorgan,IR,2022-07-14 20:08:43,36.8387,54.4348,82.15,52,0,3.15
23,Lorengau,PG,2022-07-14 20:08:44,-2.0226,147.2712,80.01,79,100,3.53
24,Sao Filipe,CV,2022-07-14 20:08:44,14.8961,-24.4956,75.78,75,8,13.15
25,Mount Vernon,US,2022-07-14 20:07:15,40.9126,-73.8371,91.04,49,75,5.01
26,Tiksi,RU,2022-07-14 20:08:45,71.6872,128.8694,49.98,82,100,4.09
27,Carutapera,BR,2022-07-14 20:08:45,-1.195,-46.02,80.35,82,45,9.22
28,Tasiilaq,GL,2022-07-14 20:08:45,65.6145,-37.6368,50.16,70,100,5.79
29,Lebu,CL,2022-07-14 20:08:46,-37.6167,-73.65,44.02,84,100,5.61
30,Sao Joao Do Paraiso,BR,2022-07-14 20:08:46,-15.3136,-42.0144,71.24,56,87,7.52
31,Vieques,PR,2022-07-14 20:08:46,18.425,-65.8329,87.82,66,75,19.57
32,Ushuaia,AR,2022-07-14 20:05:53,-54.8,-68.3,33.42,80,0,2.3
33,Pitimbu,BR,2022-07-14 20:08:47,-7.4706,-34.8086,79.39,77,5,13.94
34,Awjilah,LY,2022-07-14 20:08:47,29.1081,21.2869,80.44,38,0,19.04
35,Souillac,MU,2022-07-14 20:08:47,-20.5167,57.5167,69.3,78,13,14.67
36,Pevek,RU,2022-07-14 20:08:48,69.7008,170.3133,34.32,84,5,12.41
37,Tuatapere,NZ,2022-07-14 20:08:48,-46.1333,167.6833,40.78,95,100,3.29
38,Avarua,CK,2022-07-14 20:08:49,-21.2078,-159.775,75.25,60,100,12.66
39,Codrington,AU,2022-07-14 20:08:49,-38.2667,141.9667,43.12,98,41,9.19
40,Sitka,US,2022-07-14 20:08:49,57.0531,-135.33,62.49,55,75,12.66
41,Bambous Virieux,MU,2022-07-14 20:08:50,-20.3428,57.7575,70.21,74,65,15.5
42,Synya,RU,2022-07-14 20:08:50,65.3718,58.0387,68.43,73,62,6.38
43,Ponta Do Sol,PT,2022-07-14 20:08:50,32.6667,-17.1,75.0,72,35,7.2
44,Tuktoyaktuk,CA,2022-07-14 20:08:51,69.4541,-133.0374,36.82,83,100,24.02
45,Hilo,US,2022-07-14 20:09:51,19.7297,-155.09,85.28,72,75,6.91
46,Jaisalmer,IN,2022-07-14 20:09:51,26.9147,70.9181,86.67,65,95,7.76
47,Port Macquarie,AU,2022-07-14 20:09:52,-31.4333,152.9167,49.89,78,89,11.77
48,Vaini,TO,2022-07-14 20:09:52,-21.2,-175.2,77.16,94,20,6.91
49,Buchanan,LR,2022-07-14 20:09:52,5.8808,-10.0467,75.83,86,100,9.1
50,Thinadhoo,MV,2022-07-14 20:09:53,0.5333,72.9333,83.1,76,60,12.73
51,Qasigiannguit,GL,2022-07-14 20:06:14,68.8193,-51.1922,46.65,51,3,5.79
52,Kijang,KR,2022-07-14 20:09:53,35.2442,129.2139,74.98,91,90,3.29
53,Nouadhibou,MR,2022-07-14 20:09:54,20.931,-17.0347,67.86,90,37,22.26
54,Krasnoselkup,RU,2022-07-14 20:09:54,65.7,82.4667,54.07,63,100,6.53
55,Aswan,EG,2022-07-14 20:09:54,24.0934,32.907,87.87,19,13,13.42
56,Niamey,NE,2022-07-14 20:09:55,13.5137,2.1098,98.46,31,21,2.3
57,Port Alfred,ZA,2022-07-14 20:09:55,-33.5906,26.891,57.94,80,12,14.7
58,Vila Franca Do Campo,PT,2022-07-14 20:09:55,37.7167,-25.4333,70.21,89,100,8.43
59,Huntsville,US,2022-07-14 20:08:39,34.7304,-86.5861,92.3,46,0,7.0
60,Bethel,US,2022-07-14 20:09:56,41.3712,-73.414,85.01,60,81,7.74
61,Provideniya,RU,2022-07-14 20:09:56,64.3833,-173.3,53.64,57,100,6.35
62,Gorom-Gorom,BF,2022-07-14 20:09:56,14.4439,-0.2361,95.47,33,27,5.53
63,Ankazobe,MG,2022-07-14 20:09:57,-18.3167,47.1167,50.95,92,2,4.0
64,Tanem,NO,2022-07-14 20:09:57,63.3078,10.4319,49.89,83,85,17.36
65,Yar-Sale,RU,2022-07-14 20:09:57,66.8333,70.8333,57.27,66,100,7.92
66,Portland,US,2022-07-14 20:08:04,45.5234,-122.6762,80.53,52,0,9.22
67,Harper,LR,2022-07-14 20:09:20,4.375,-7.7169,75.56,80,94,9.06
68,Mahebourg,MU,2022-07-14 20:09:58,-20.4081,57.7,69.26,74,40,15.61
69,New Norfolk,AU,2022-07-14 20:09:58,-42.7826,147.0587,43.72,90,85,2.21
70,Kapaa,US,2022-07-14 20:06:13,22.0752,-159.319,82.72,77,75,16.11
71,Jiuquan,CN,2022-07-14 20:09:59,39.7432,98.5174,70.97,52,100,14.03
72,Rock Sound,BS,2022-07-14 20:09:59,24.9,-76.2,82.85,70,17,16.35
73,Hauterive,FR,2022-07-14 20:10:00,46.0901,3.4459,84.96,51,1,3.11
74,Qaanaaq,GL,2022-07-14 20:10:00,77.484,-69.3632,45.32,82,26,8.21
75,Muravlenko,RU,2022-07-14 20:10:00,63.7898,74.523,54.82,77,55,2.84
76,Mar Del Plata,AR,2022-07-14 20:08:34,-38.0023,-57.5575,55.09,95,100,11.99
77,Maniitsoq,GL,2022-07-14 20:10:01,65.4167,-52.9,45.39,80,35,9.06
78,Kodiak,US,2022-07-14 20:10:01,57.79,-152.4072,58.51,77,100,3.44
79,Adrar,MR,2022-07-14 20:10:02,20.5022,-10.0711,101.28,18,19,12.37
80,Atuona,PF,2022-07-14 20:10:02,-9.8,-139.0333,77.88,69,6,16.22
81,Surovikino,RU,2022-07-14 20:10:03,48.6078,42.8486,68.04,50,0,12.68
82,Buala,SB,2022-07-14 20:10:03,-8.145,159.5921,78.01,78,100,3.42
83,Deputatskiy,RU,2022-07-14 20:10:03,69.3,139.9,52.66,72,54,3.11
84,Mineros,BO,2022-07-14 20:10:04,-17.1167,-63.2333,82.72,51,100,12.35
85,Hermanus,ZA,2022-07-14 20:10:04,-34.4187,19.2345,49.8,82,13,3.11
86,Luba,GQ,2022-07-14 20:10:05,3.4568,8.5547,77.22,85,70,11.12
87,Odweyne,SO,2022-07-14 20:08:36,9.4092,45.064,77.58,48,92,19.53
88,Punta Arenas,CL,2022-07-14 20:10:06,-53.15,-70.9167,35.62,93,75,2.3
89,Lata,PT,2022-07-14 20:10:06,40.1629,-8.3327,82.08,45,95,2.42
90,Khatanga,RU,2022-07-14 20:11:06,71.9667,102.5,43.03,89,100,2.73
91,Albany,US,2022-07-14 20:06:25,42.6001,-73.9662,83.05,46,57,1.99
92,Vestmannaeyjar,IS,2022-07-14 20:11:07,63.4427,-20.2734,51.22,74,19,9.17
93,Chuy,UY,2022-07-14 20:11:08,-33.6971,-53.4616,57.18,93,59,8.77
94,Arteni,AM,2022-07-14 20:11:08,40.2985,43.7622,75.74,53,0,13.91
95,Camapua,BR,2022-07-14 20:11:08,-19.5314,-54.0439,90.54,16,12,11.92
96,Kysyl-Syr,RU,2022-07-14 20:11:09,63.8986,122.7617,61.97,97,24,3.31
97,Yellowknife,CA,2022-07-14 20:11:09,62.456,-114.3525,68.56,48,75,13.8
98,Lermontovka,RU,2022-07-14 20:11:10,47.1453,134.3383,62.8,95,92,3.71
99,Rauma,FI,2022-07-14 20:11:10,61.1272,21.5113,55.44,71,45,16.17
100,Hamilton,US,2022-07-14 20:06:51,39.1834,-84.5333,87.94,45,40,10.36
101,Galveston,US,2022-07-14 20:11:11,29.3669,-94.9669,96.91,66,40,9.22
102,Morant Bay,JM,2022-07-14 20:11:11,17.8815,-76.4093,89.71,69,87,10.36
103,Bengkulu,ID,2022-07-14 20:11:11,-3.8004,102.2655,76.77,89,100,4.29
104,Port Hedland,AU,2022-07-14 20:11:12,-20.3167,118.5667,51.85,87,65,8.05
105,Hovd,MN,2022-07-14 20:11:12,48.0056,91.6419,54.61,53,77,3.87
106,Lompoc,US,2022-07-14 20:11:13,34.6391,-120.4579,91.02,70,0,14.97
107,Pyaozerskiy,RU,2022-07-14 20:11:13,65.8333,31.1667,59.2,80,27,5.97
108,Maiduguri,NG,2022-07-14 20:11:14,11.8464,13.1603,83.3,58,100,9.82
109,Egvekinot,RU,2022-07-14 20:11:14,66.3167,-179.1667,46.29,61,100,5.17
110,High Level,CA,2022-07-14 20:10:05,58.5169,-117.136,74.8,30,68,9.1
111,Katsuura,JP,2022-07-14 20:09:15,35.1333,140.3,75.22,93,100,6.26
112,Dudinka,RU,2022-07-14 20:11:15,69.4058,86.1778,48.6,78,98,6.85
113,Novikovo,RU,2022-07-14 20:11:16,51.1537,37.8879,58.53,90,1,8.23
114,Dikson,RU,2022-07-14 20:11:16,73.5069,80.5464,41.22,79,20,10.36
115,Ribeira Grande,PT,2022-07-14 20:11:16,38.5167,-28.7,73.8,78,40,16.11
116,Bonavista,CA,2022-07-14 20:11:17,48.6499,-53.1147,55.56,75,85,11.39
117,Gimli,CA,2022-07-14 20:11:17,50.6336,-96.9907,66.7,91,100,8.43
118,La Orilla,MX,2022-07-14 20:11:18,17.9833,-102.2333,88.47,58,98,9.28
119,Gourcy,BF,2022-07-14 20:11:18,13.2167,-2.35,84.13,57,72,15.21
120,Diego De Almagro,CL,2022-07-14 20:11:19,-26.3667,-70.05,49.17,63,98,7.2
121,Vanimo,PG,2022-07-14 20:11:19,-2.6741,141.3028,76.26,90,100,2.21
122,Shenkursk,RU,2022-07-14 20:11:20,62.1091,42.896,61.99,84,94,3.36
123,Nikolskoye,RU,2022-07-14 20:11:20,59.7035,30.7861,59.81,96,98,4.12
124,Kamenka,RU,2022-07-14 20:11:20,51.3223,42.7678,59.32,86,18,11.88
125,Arraial Do Cabo,BR,2022-07-14 20:11:21,-22.9661,-42.0278,73.26,83,0,13.8
126,Kaitangata,NZ,2022-07-14 20:11:21,-46.2817,169.8464,39.43,96,100,7.05
127,Jinchang,CN,2022-07-14 20:11:22,38.4953,102.1739,72.25,60,100,11.74
128,Acapulco,MX,2022-07-14 20:11:22,16.8634,-99.8901,87.62,66,40,3.44
129,Daoukro,CI,2022-07-14 20:11:23,7.0591,-3.9631,72.41,99,100,3.2
130,Khanpur,PK,2022-07-14 20:11:23,28.6453,70.6567,93.38,52,64,10.71
131,Yaan,NG,2022-07-14 20:11:23,7.3833,8.5667,73.62,91,21,4.92
132,Elista,RU,2022-07-14 20:11:24,46.3078,44.2558,70.32,60,0,13.42
133,Umiray,PH,2022-07-14 20:11:24,15.2206,121.4111,79.63,84,53,3.4
134,Beli Potok,RS,2022-07-14 20:11:24,44.7061,20.5197,80.78,47,34,5.7
135,Kavieng,PG,2022-07-14 20:11:25,-2.5744,150.7967,81.25,79,100,16.62
136,Geraldton,AU,2022-07-14 20:11:25,-28.7667,114.6,55.81,76,27,5.75
137,Wanaka,NZ,2022-07-14 20:12:26,-44.7,169.15,32.11,89,37,1.99
138,Iracoubo,GF,2022-07-14 20:12:26,5.4802,-53.2011,79.11,88,70,8.21
139,Pisco,PE,2022-07-14 20:12:09,-13.7,-76.2167,66.25,68,0,14.97
140,Minggang,CN,2022-07-14 20:12:27,32.4586,114.0486,82.26,85,100,3.91
141,Olafsvik,IS,2022-07-14 20:10:45,64.8945,-23.7142,50.7,73,76,1.86
142,Lagoa,PT,2022-07-14 20:12:27,39.05,-27.9833,69.84,90,35,15.12
143,Hobart,AU,2022-07-14 20:12:27,-42.8794,147.3294,44.06,97,100,3.44
144,Saint-Pierre,RE,2022-07-14 20:12:28,-21.3393,55.4781,67.91,80,0,5.75
145,Orlik,RU,2022-07-14 20:12:28,52.5178,99.825,48.13,95,100,2.42
146,Beloha,MG,2022-07-14 20:12:28,-25.1667,45.05,62.92,79,0,3.38
147,Khomutovo,RU,2022-07-14 20:12:29,52.4658,104.4025,56.01,96,23,3.22
148,Castro,BR,2022-07-14 20:12:29,-24.7911,-50.0119,67.78,63,43,6.13
149,Ekibastuz,KZ,2022-07-14 20:12:30,51.6667,75.3667,74.75,41,16,7.34
150,San Jeronimo,PE,2022-07-14 20:11:10,-11.9472,-75.2829,65.71,32,22,0.96
151,Grindavik,IS,2022-07-14 20:12:30,63.8424,-22.4338,52.27,71,75,6.91
152,Ancud,CL,2022-07-14 20:12:30,-41.8697,-73.8203,44.22,73,44,7.85
153,Hasaki,JP,2022-07-14 20:12:31,35.7333,140.8333,73.29,92,100,8.12
154,Hay River,CA,2022-07-14 20:09:12,60.8156,-115.7999,63.01,65,98,14.76
155,Nuevitas,CU,2022-07-14 20:12:31,21.5453,-77.2644,84.42,65,0,11.59
156,Husavik,IS,2022-07-14 20:12:32,66.0449,-17.3389,49.19,78,29,4.74
157,Powell River,CA,2022-07-14 20:12:32,49.8496,-124.5361,72.03,59,94,4.9
158,Vao,NC,2022-07-14 20:11:53,-22.6667,167.4833,71.64,54,57,25.12
159,Butaritari,KI,2022-07-14 20:12:33,3.0707,172.7902,81.81,80,50,17.54
160,Barrow,US,2022-07-14 20:12:33,71.2906,-156.7887,33.82,80,100,11.5
161,Nhulunbuy,AU,2022-07-14 20:12:33,-12.2333,136.7667,70.41,73,40,8.05
162,Manicore,BR,2022-07-14 20:12:34,-5.8092,-61.3003,94.89,33,46,2.66
163,Mabaruma,GY,2022-07-14 20:12:34,8.2,-59.7833,83.08,69,40,6.06
164,Astana,KZ,2022-07-14 20:11:13,51.1801,71.446,67.95,60,0,6.71
165,Gasa,PS,2022-07-14 20:12:34,31.5,34.4667,73.89,69,0,5.79
166,Conde,BR,2022-07-14 20:12:35,-7.2597,-34.9075,78.26,69,75,13.8
167,Madang,PG,2022-07-14 20:12:35,-5.2246,145.7966,77.31,90,100,5.32
168,Longyearbyen,SJ,2022-07-14 20:12:35,78.2186,15.6401,57.04,67,40,16.11
169,Gamba,GA,2022-07-14 20:12:36,-2.65,10.0,69.96,91,2,6.96
170,Mount Pleasant,US,2022-07-14 20:09:14,32.7941,-79.8626,91.31,76,0,17.27
171,Gat,IL,2022-07-14 20:12:36,31.61,34.7642,77.81,100,0,3.78
172,Honiara,SB,2022-07-14 20:12:37,-9.4333,159.95,75.22,74,99,4.25
173,Bandarbeyla,SO,2022-07-14 20:12:37,9.4942,50.8122,77.9,82,99,32.5
174,Eydhafushi,MV,2022-07-14 20:08:38,5.1033,73.0708,82.67,77,12,16.4
175,Broken Hill,AU,2022-07-14 20:12:37,-31.95,141.4333,40.05,79,0,5.17
176,Fukue,JP,2022-07-14 20:12:38,32.6881,128.8419,80.17,92,99,4.27
177,Iranshahr,IR,2022-07-14 20:12:38,27.2025,60.6848,93.42,12,8,6.53
178,Sola,VU,2022-07-14 20:08:48,-13.8833,167.55,79.65,71,34,2.15
179,Coquimbo,CL,2022-07-14 20:09:16,-29.9533,-71.3436,53.33,100,100,13.8
180,Marsh Harbour,BS,2022-07-14 20:12:38,26.5412,-77.0636,83.86,61,6,12.3
181,Antalaha,MG,2022-07-14 20:13:39,-14.9003,50.2788,66.6,85,44,7.25
182,Mayo,US,2022-07-14 20:11:52,38.8876,-76.5119,91.08,49,0,9.22
183,Severo-Kurilsk,RU,2022-07-14 20:13:39,50.6789,156.125,53.67,96,84,9.71
184,Tautira,PF,2022-07-14 20:13:40,-17.7333,-149.15,75.16,70,93,22.3
185,Saint-Joseph,RE,2022-07-14 20:09:30,-21.3667,55.6167,65.21,80,88,8.72
186,Abha,SA,2022-07-14 20:13:40,18.2164,42.5053,70.66,48,99,3.83
187,Winnemucca,US,2022-07-14 20:13:41,40.973,-117.7357,96.85,9,0,5.75
188,Rudnogorsk,RU,2022-07-14 20:13:41,57.2639,103.7519,48.88,95,100,1.99
189,Port Elizabeth,ZA,2022-07-14 20:12:11,-33.918,25.5701,56.32,79,81,3.0
190,Eyl,SO,2022-07-14 20:13:41,7.9803,49.8164,79.77,74,92,26.26
191,Samarai,PG,2022-07-14 20:13:42,-10.6167,150.6667,76.14,72,100,19.82
192,Acolla,PE,2022-07-14 20:13:42,-11.7319,-75.5463,64.18,34,10,4.85
193,Chapais,CA,2022-07-14 20:13:43,49.7834,-74.8492,69.44,36,90,4.54
194,Kashi,CN,2022-07-14 20:13:43,39.4547,75.9797,73.85,32,98,1.48
195,Wahpeton,US,2022-07-14 20:13:43,46.2652,-96.6059,81.32,61,0,16.11
196,Albanel,CA,2022-07-14 20:13:44,48.8832,-72.4487,70.25,50,82,3.31
197,Le Locle,CH,2022-07-14 20:13:44,47.0595,6.7523,76.42,43,0,5.75
198,San Quintin,MX,2022-07-14 20:13:44,30.4833,-115.95,73.08,66,0,13.44
199,Aykhal,RU,2022-07-14 20:13:45,66.0,111.5,51.73,75,100,5.41
200,Jaguey Grande,CU,2022-07-14 20:13:45,22.5269,-81.1286,93.79,37,5,7.52
201,Vila Velha,BR,2022-07-14 20:13:45,-20.3297,-40.2925,69.94,92,100,3.44
202,Nogliki,RU,2022-07-14 20:13:46,51.8333,143.1667,52.43,97,100,9.17
203,Tual,ID,2022-07-14 20:13:46,-5.6667,132.75,78.62,80,98,24.2
204,Kahului,US,2022-07-14 20:10:16,20.8947,-156.47,82.42,72,20,23.02
205,Yarada,IN,2022-07-14 20:13:47,17.65,83.2667,82.72,69,75,8.05
206,Palaikastron,GR,2022-07-14 20:13:47,35.2,26.25,74.35,69,0,29.24
207,Dubbo,AU,2022-07-14 20:10:32,-32.25,148.6167,28.53,100,0,3.44
208,Okhotsk,RU,2022-07-14 20:12:49,59.3833,143.3,59.97,94,80,2.86
209,Pangody,RU,2022-07-14 20:13:47,65.85,74.4859,55.22,60,9,6.91
210,Yerbogachen,RU,2022-07-14 20:13:48,61.2767,108.0108,51.87,97,100,3.36
211,San Antero,CO,2022-07-14 20:13:48,9.3741,-75.7589,84.04,78,69,7.87
212,Koksovyy,RU,2022-07-14 20:13:49,48.1967,40.5989,64.96,58,0,12.12
213,Upernavik,GL,2022-07-14 20:12:07,72.7868,-56.1549,40.03,87,16,14.12
214,Ucluelet,CA,2022-07-14 20:13:49,48.9329,-125.5528,62.1,81,80,6.89
215,Mul,IN,2022-07-14 20:13:50,20.0667,79.6667,76.3,92,100,11.14
216,Conakry,GN,2022-07-14 20:13:50,9.538,-13.6773,79.2,81,100,9.75
217,Marakkanam,IN,2022-07-14 20:09:11,12.2,79.95,83.93,54,100,19.98
218,Tabuk,PH,2022-07-14 20:13:50,17.4189,121.4443,74.46,93,100,3.71
219,Seddon,AU,2022-07-14 20:13:51,-37.8068,144.8916,47.88,86,75,9.22
220,Kuah,MY,2022-07-14 20:13:51,6.3265,99.8432,83.8,76,100,12.41
221,North Bend,US,2022-07-14 20:13:51,43.4065,-124.2243,75.24,77,0,16.11
222,Tehachapi,US,2022-07-14 20:12:12,35.1322,-118.449,98.24,29,5,13.0
223,Uribia,CO,2022-07-14 20:14:52,11.7139,-72.266,92.89,36,55,20.78
224,Berlevag,NO,2022-07-14 20:14:52,70.8578,29.0864,58.8,100,75,14.97
225,Korla,CN,2022-07-14 20:14:53,41.7597,86.1469,73.18,45,43,4.0
226,Gidam,IN,2022-07-14 20:14:53,18.9833,81.4,72.55,97,100,7.7
227,Itarema,BR,2022-07-14 20:13:49,-2.9248,-39.9167,80.51,76,16,15.57
228,Bredasdorp,ZA,2022-07-14 20:12:11,-34.5322,20.0403,51.64,84,22,3.71
229,Usak,TR,2022-07-14 20:14:54,38.5,29.4167,71.22,36,2,13.09
230,Saint George,US,2022-07-14 20:11:39,37.1041,-113.5841,102.94,20,0,6.91
231,Bilma,NE,2022-07-14 20:14:54,18.6853,12.9164,95.04,16,10,8.57
232,Bulgan,MN,2022-07-14 20:14:54,48.8125,103.5347,54.0,91,99,2.98
233,Ahipara,NZ,2022-07-14 20:14:11,-35.1667,173.1667,55.17,85,100,7.52
234,Tocopilla,CL,2022-07-14 20:14:55,-22.092,-70.1979,60.03,61,7,4.99
235,Praya,CV,2022-07-14 20:14:55,14.9215,-23.5087,76.14,72,20,12.37
236,Mwense,ZM,2022-07-14 20:14:56,-10.3845,28.698,72.05,37,99,3.36
237,Necochea,AR,2022-07-14 20:14:56,-38.5473,-58.7368,51.96,83,100,14.38
238,Beibei,CN,2022-07-14 20:14:57,29.8256,106.4339,83.5,74,26,3.67
239,Sao Jose Da Coroa Grande,BR,2022-07-14 20:14:57,-8.8978,-35.1478,76.14,80,6,10.47
240,Esperance,AU,2022-07-14 20:12:47,-33.8667,121.9,58.23,83,2,20.38
241,Kautokeino,NO,2022-07-14 20:10:46,69.0125,23.0412,57.96,97,100,17.05
242,Sambava,MG,2022-07-14 20:14:58,-14.2667,50.1667,67.98,86,96,10.74
243,Airai,TL,2022-07-14 20:12:15,-8.9266,125.4092,53.35,87,10,3.53
244,Erenhot,CN,2022-07-14 20:14:58,43.6475,111.9767,75.56,26,98,4.88
245,Kaspiyskiy,RU,2022-07-14 20:14:59,45.3929,47.3707,79.12,43,0,12.71
246,Soyo,AO,2022-07-14 20:14:59,-6.1349,12.3689,70.84,86,13,7.54
247,Tiznit,MA,2022-07-14 20:14:59,29.5833,-9.5,81.03,48,29,3.09
248,Listvyagi,RU,2022-07-14 20:15:00,53.6772,86.951,51.33,71,100,2.46
249,Siderno,IT,2022-07-14 20:15:00,38.2779,16.302,71.33,59,0,6.55
250,Flinders,AU,2022-07-14 20:15:00,-34.5833,150.8552,45.18,78,0,4.0
251,Kruisfontein,ZA,2022-07-14 20:15:01,-34.0033,24.7314,52.65,88,29,6.6
252,Garowe,SO,2022-07-14 20:15:01,8.4054,48.4845,82.29,51,87,24.56
253,Moose Factory,CA,2022-07-14 20:15:01,51.2585,-80.6094,78.71,27,41,3.83
254,Narsaq,GL,2022-07-14 20:11:57,60.9167,-46.05,61.02,61,100,4.79
255,Terra Roxa,BR,2022-07-14 20:15:02,-23.8557,-50.0314,73.26,53,71,3.38
256,Eagle Pass,US,2022-07-14 20:11:10,28.7091,-100.4995,103.26,31,0,11.5
257,Rock Springs,US,2022-07-14 20:15:03,41.5875,-109.2029,92.23,24,0,6.91
258,Tongzi,CN,2022-07-14 20:15:03,28.7829,105.0877,80.67,92,77,3.47
259,Clyde River,CA,2022-07-14 20:11:56,70.4692,-68.5914,51.06,57,26,2.8
260,Kavaratti,IN,2022-07-14 20:15:04,10.5669,72.642,81.68,80,94,23.69
261,Makakilo City,US,2022-07-14 20:15:05,21.3469,-158.0858,79.12,80,100,9.22
262,Cherskiy,RU,2022-07-14 20:15:05,68.75,161.3,45.19,58,100,1.88
263,Malakal,SS,2022-07-14 20:15:05,9.5334,31.6605,71.26,96,100,5.61
264,Pozoblanco,ES,2022-07-14 20:11:37,38.3791,-4.8483,90.07,16,38,11.34
265,Salalah,OM,2022-07-14 20:13:09,17.0151,54.0924,77.9,93,97,5.79
266,Neuquen,AR,2022-07-14 20:15:06,-38.9516,-68.0591,40.89,87,75,4.61
267,Morondava,MG,2022-07-14 20:15:06,-20.2833,44.2833,69.44,70,0,12.15
268,Stalowa Wola,PL,2022-07-14 20:16:07,50.5829,22.0533,69.13,94,100,1.86
269,Plettenberg Bay,ZA,2022-07-14 20:16:07,-34.0527,23.3716,56.7,83,100,4.94
270,Kashin,RU,2022-07-14 20:16:07,57.3592,37.6081,54.93,91,100,5.35
271,Ostrovnoy,RU,2022-07-14 20:16:08,68.0531,39.5131,60.26,91,100,11.56
272,Castlemaine,AU,2022-07-14 20:16:08,-37.0667,144.2167,43.99,91,5,1.43
273,Madera,US,2022-07-14 20:12:37,37.1666,-119.8343,104.52,20,62,3.0
274,Pangai,TO,2022-07-14 20:16:09,-19.8,-174.35,78.91,83,20,11.5
275,Shellbrook,CA,2022-07-14 20:16:09,53.2168,-106.4011,78.03,42,9,6.44
276,Kloulklubed,PW,2022-07-14 20:12:12,7.0419,134.2556,81.9,79,84,6.87
277,Caernarfon,GB,2022-07-14 20:16:10,53.1413,-4.2702,58.8,60,78,5.75
278,Kupang,ID,2022-07-14 20:16:10,-10.1667,123.5833,72.39,77,12,11.27
279,Yuncheng,CN,2022-07-14 20:16:11,35.0231,110.9928,77.86,88,77,4.34
280,Lazaro Cardenas,MX,2022-07-14 20:16:11,17.9583,-102.2,88.59,58,96,8.52
281,Puerto Cabezas,NI,2022-07-14 20:16:12,14.0351,-83.3888,83.39,75,84,12.46
282,Olga,RU,2022-07-14 20:16:12,43.7444,135.2892,61.84,99,100,15.12
283,Anaimalai,IN,2022-07-14 20:16:12,10.5833,76.9333,72.27,84,58,10.98
284,Rabo De Peixe,PT,2022-07-14 20:16:13,37.8,-25.5833,71.11,88,75,9.22
285,Booue,GA,2022-07-14 20:16:13,-0.0921,11.9385,76.39,69,84,3.27
286,Dustlik,UZ,2022-07-14 20:16:14,40.5247,68.0358,75.33,27,0,2.66
287,Bungoma,KE,2022-07-14 20:16:14,0.5635,34.5606,61.03,89,69,2.91
288,Matamoros,MX,2022-07-14 20:16:14,25.5333,-103.25,91.51,24,75,4.61
289,Boa Vista,BR,2022-07-14 20:16:15,2.8197,-60.6733,80.58,78,75,4.61
290,Fortuna,US,2022-07-14 20:12:14,40.5982,-124.1573,61.86,85,75,1.99
291,Aklavik,CA,2022-07-14 20:16:15,68.2191,-135.0107,42.8,75,100,13.8
292,Marawi,PH,2022-07-14 20:16:16,7.9986,124.2928,68.27,95,98,1.7
293,Johi,PK,2022-07-14 20:16:16,26.6921,67.6133,87.04,68,98,12.1
294,Skjervoy,NO,2022-07-14 20:16:17,70.0311,20.9714,53.6,93,100,7.14
295,Carmen,MX,2022-07-14 20:16:17,18.6333,-91.8333,91.44,62,75,16.11
296,Khonsa,IN,2022-07-14 20:16:18,27.0167,95.5667,71.44,86,3,4.79
297,Evensk,RU,2022-07-14 20:16:18,61.95,159.2333,68.81,57,11,11.07
298,Shimoda,JP,2022-07-14 20:14:21,34.6667,138.95,74.1,92,57,3.89
299,Olbia,IT,2022-07-14 20:16:19,40.9214,9.4856,78.85,73,0,4.61
300,Marsa Matruh,EG,2022-07-14 20:16:19,31.3525,27.2453,76.01,58,0,15.7
301,Antofagasta,CL,2022-07-14 20:16:20,-23.65,-70.4,60.08,70,44,5.93
302,Chifeng,CN,2022-07-14 20:16:20,42.2683,118.9636,68.29,47,2,7.16
303,Grantham,GB,2022-07-14 20:16:21,52.9115,-0.6418,66.13,53,75,12.66
304,Mount Gambier,AU,2022-07-14 20:14:32,-37.8333,140.7667,43.75,99,62,6.08
305,San Luis,AR,2022-07-14 20:12:42,-33.295,-66.3356,53.82,35,0,16.69
306,Wanning,CN,2022-07-14 20:16:22,18.8003,110.3967,81.12,90,100,9.19
307,Cabo San Lucas,MX,2022-07-14 20:12:06,22.8909,-109.9124,94.3,51,0,10.36
308,Mozarlandia,BR,2022-07-14 20:16:22,-14.7447,-50.5706,91.6,22,95,6.15
309,Marquette,US,2022-07-14 20:16:23,46.5333,-87.6335,73.78,53,0,4.92
310,Znamenskoye,RU,2022-07-14 20:16:23,57.1281,73.8282,55.44,98,33,8.05
311,Yulara,AU,2022-07-14 20:16:24,-25.2406,130.9889,42.6,47,0,8.14
312,Chanika,TZ,2022-07-14 20:16:24,-5.4167,38.0167,65.8,83,100,4.14
313,Iskateley,RU,2022-07-14 20:16:24,67.6803,53.1512,71.71,67,91,7.07
314,Saint-Augustin,CA,2022-07-14 20:17:25,51.226,-58.6502,70.83,41,75,7.94
315,Kortkeros,RU,2022-07-14 20:17:25,61.8106,51.5806,66.2,99,45,3.56
316,Linxia,CN,2022-07-14 20:17:25,35.6003,103.2064,66.49,84,99,2.28
317,Hami,CN,2022-07-14 20:17:26,42.8,93.45,76.59,22,8,6.31
318,Vaxjo,SE,2022-07-14 20:17:26,56.8777,14.8091,55.58,48,99,10.36
319,Camana,PE,2022-07-14 20:17:26,-16.6228,-72.7111,62.83,71,88,9.89
320,Yatou,CN,2022-07-14 20:17:27,37.15,122.3833,73.13,93,46,2.75
321,Anadyr,RU,2022-07-14 20:17:27,64.75,177.4833,55.9,87,40,2.24
322,Iqaluit,CA,2022-07-14 20:17:27,63.7506,-68.5145,49.73,76,75,8.05
323,Tadepallegudem,IN,2022-07-14 20:17:28,16.8333,81.5,82.74,77,90,11.81
324,Barabai,ID,2022-07-14 20:17:28,-2.5833,115.3833,73.24,93,100,1.12
325,Kisangani,CD,2022-07-14 20:17:28,0.5167,25.2,70.21,93,70,2.73
326,Adeje,ES,2022-07-14 20:17:29,28.1227,-16.726,76.87,74,0,12.66
327,Mecca,SA,2022-07-14 20:17:29,21.4267,39.8261,90.5,31,98,4.9
328,Mandalgovi,MN,2022-07-14 20:17:29,45.7625,106.2708,69.55,42,100,3.42
329,Huambo,AO,2022-07-14 20:17:30,-12.7761,15.7392,58.05,36,0,4.38
330,Abdanan,IR,2022-07-14 20:17:30,32.9926,47.4198,90.63,15,0,5.01
331,Asau,RO,2022-07-14 20:17:30,46.4333,26.4,72.52,67,98,5.26
332,Riyadh,SA,2022-07-14 20:17:08,24.6877,46.7219,95.14,9,60,8.75
333,Cayenne,GF,2022-07-14 20:13:46,4.9333,-52.3333,82.09,1,20,0.0
334,Lavrentiya,RU,2022-07-14 20:17:31,65.5833,-171.0,48.94,73,100,8.95
335,Tateyama,JP,2022-07-14 20:17:31,34.9833,139.8667,75.13,94,75,8.05
336,Sioux Lookout,CA,2022-07-14 20:15:13,50.1001,-91.917,79.79,34,90,8.84
337,Wau,SS,2022-07-14 20:17:32,7.7029,27.9953,69.64,94,100,2.71
338,Jacareacanga,BR,2022-07-14 20:17:32,-6.2222,-57.7528,96.12,27,4,3.96
339,Severo-Yeniseyskiy,RU,2022-07-14 20:17:32,60.3725,93.0408,46.08,74,97,2.19
340,Yenangyaung,MM,2022-07-14 20:17:33,20.4667,94.8833,79.74,84,100,8.63
341,Marystown,CA,2022-07-14 20:17:33,47.1666,-55.1483,66.88,60,100,5.84
342,Sokoni,TZ,2022-07-14 20:17:33,-6.4333,39.55,76.35,81,69,16.44
343,Sabha,LY,2022-07-14 20:17:34,27.0377,14.4283,84.22,19,0,14.29
344,Norman Wells,CA,2022-07-14 20:17:34,65.282,-126.8329,51.84,76,100,14.97
345,Kaputa,ZM,2022-07-14 20:17:34,-8.4689,29.6619,69.87,50,28,3.96
346,Alofi,NU,2022-07-14 20:17:35,-19.0595,-169.9187,76.89,78,75,16.11
347,Thunder Bay,CA,2022-07-14 20:13:23,48.4001,-89.3168,69.4,42,10,9.57
348,Aurillac,FR,2022-07-14 20:17:35,44.9167,2.45,77.88,41,0,2.3
349,Minatitlan,MX,2022-07-14 20:17:36,17.9833,-94.5167,78.89,94,100,11.5
350,Vagay,RU,2022-07-14 20:17:36,57.9375,69.0217,63.23,97,15,4.12
351,Cap Malheureux,MU,2022-07-14 20:17:36,-19.9842,57.6142,69.48,73,22,5.01
352,Luau,AO,2022-07-14 20:17:37,-10.7073,22.2247,64.18,37,4,4.76
353,Tolaga Bay,NZ,2022-07-14 20:17:37,-38.3667,178.3,51.21,92,100,16.44
354,Praia,CV,2022-07-14 20:15:12,14.9215,-23.5087,76.14,72,20,12.37
355,Arlit,NE,2022-07-14 20:17:37,18.7369,7.3853,97.11,10,9,7.74
356,Sirajganj,BD,2022-07-14 20:17:38,24.45,89.7167,85.32,75,51,13.8
357,Kawalu,ID,2022-07-14 20:17:38,-7.3817,108.2082,72.79,98,100,0.98
358,Daru,PG,2022-07-14 20:17:38,-9.0763,143.2092,75.04,80,100,16.82
359,Svetlaya,RU,2022-07-14 20:17:39,46.5389,138.3297,58.32,97,100,13.49
360,Cenad,RO,2022-07-14 20:17:39,46.1333,20.5833,78.69,30,67,7.65
361,Tazmalt,DZ,2022-07-14 20:17:39,36.3868,4.3989,78.91,43,0,6.73
362,Bend,US,2022-07-14 20:17:51,44.0582,-121.3153,91.0,28,0,5.75
363,Letka,RU,2022-07-14 20:18:40,59.6011,49.4232,61.61,98,98,4.52
364,Campos Altos,BR,2022-07-14 20:18:40,-19.6961,-46.1714,72.91,36,53,6.91
365,Sabang,ID,2022-07-14 20:18:41,5.8933,95.3214,82.74,74,63,17.9
366,Richards Bay,ZA,2022-07-14 20:18:41,-28.783,32.0377,64.44,70,6,6.96
367,Port Blair,IN,2022-07-14 20:18:41,11.6667,92.75,80.64,89,100,5.75
368,Mbandaka,CD,2022-07-14 20:18:42,0.0487,18.2603,74.25,78,39,2.8
369,Pirapemas,BR,2022-07-14 20:18:42,-3.7267,-44.2233,81.34,74,99,2.35
370,Victoria,HK,2022-07-14 20:14:15,22.2855,114.1577,85.32,83,89,4.0
371,Kieta,PG,2022-07-14 20:18:42,-6.2167,155.6333,77.09,82,100,5.7
372,Mattru,SL,2022-07-14 20:18:43,7.6244,-11.8332,73.51,97,100,3.47
373,Khandyga,RU,2022-07-14 20:18:43,62.6667,135.6,65.01,93,99,4.07
374,Pryazha,RU,2022-07-14 20:18:43,61.6926,33.6216,60.03,81,98,5.41
375,Luderitz,NA,2022-07-14 20:18:23,-26.6481,15.1594,64.9,41,0,10.07
376,Cidreira,BR,2022-07-14 20:18:24,-30.1811,-50.2056,60.15,97,100,13.22
377,Saskylakh,RU,2022-07-14 20:18:44,71.9167,114.0833,41.43,85,100,7.0
378,Tahe,CN,2022-07-14 20:18:44,52.3333,124.7333,61.5,96,82,2.37
379,Redlands,US,2022-07-14 20:18:45,34.0556,-117.1825,101.93,37,100,5.82
380,Touros,BR,2022-07-14 20:18:45,-5.1989,-35.4608,78.26,75,13,15.9
381,Tselinnoye,RU,2022-07-14 20:18:45,53.0833,85.6667,52.27,64,88,4.97
382,Nizwa,OM,2022-07-14 20:18:45,22.9333,57.5333,89.24,48,97,5.7
383,Labuan,MY,2022-07-14 20:18:46,5.2767,115.2417,77.36,94,20,0.0
384,Vanavara,RU,2022-07-14 20:18:46,60.34,102.2797,48.07,94,54,1.66
385,Zhigansk,RU,2022-07-14 20:18:46,66.7697,123.3711,53.15,89,100,14.74
386,Luena,AO,2022-07-14 20:18:47,-11.7833,19.9167,55.85,45,5,4.54
387,Mombasa,KE,2022-07-14 20:18:47,-4.0547,39.6636,74.61,84,33,15.7
388,Menongue,AO,2022-07-14 20:18:47,-14.6585,17.691,54.82,46,0,5.37
389,Padang,ID,2022-07-14 20:14:33,-0.9492,100.3543,77.05,85,100,5.57
390,Bogorodskoye,RU,2022-07-14 20:18:48,56.55,37.8833,55.38,94,100,5.48
391,Faya,SA,2022-07-14 20:18:48,18.3851,42.4509,69.91,51,99,3.58
392,Loreto,MX,2022-07-14 20:18:48,22.2667,-101.9667,77.54,31,91,15.95
393,Guerrero Negro,MX,2022-07-14 20:18:49,27.9769,-114.0611,75.56,56,3,15.88
394,Roma,US,2022-07-14 20:18:03,43.2128,-75.4557,78.94,50,75,10.36
395,Caravelas,BR,2022-07-14 20:18:49,-17.7125,-39.2481,73.29,78,6,6.26
396,Xam Nua,LA,2022-07-14 20:18:50,20.4197,104.0439,67.1,99,100,1.36
397,Lumby,CA,2022-07-14 20:18:50,50.2498,-118.969,85.19,36,15,2.3
398,Surgut,RU,2022-07-14 20:18:50,61.25,73.4167,57.09,93,0,2.24
399,Breves,BR,2022-07-14 20:18:50,-1.6822,-50.4803,88.03,57,92,3.87
400,Constitucion,CL,2022-07-14 20:18:51,-35.3333,-72.4167,47.34,89,100,8.61
401,Bubaque,GW,2022-07-14 20:18:51,11.2833,-15.8333,80.4,81,100,13.29
402,Chingola,ZM,2022-07-14 20:18:51,-12.529,27.8838,62.15,48,66,5.28
403,Sehithwa,BW,2022-07-14 20:18:52,-20.4667,22.7167,59.36,33,0,5.73
404,Tomakomai,JP,2022-07-14 20:18:52,42.6369,141.6033,67.17,94,75,13.8
405,Khash,IR,2022-07-14 20:18:52,28.2211,61.2158,79.02,15,5,2.93
406,Uyo,NG,2022-07-14 20:16:25,5.0333,7.9266,73.06,95,51,4.14
407,Carinhanha,BR,2022-07-14 20:18:53,-14.3047,-43.765,85.03,27,1,10.92
408,Bukachacha,RU,2022-07-14 20:18:53,52.9833,116.9167,58.95,99,100,3.31
409,Reidsville,US,2022-07-14 20:18:54,36.3549,-79.6645,87.64,51,40,3.44
410,Ayagoz,KZ,2022-07-14 20:18:54,47.9714,80.4392,59.07,54,0,3.04
411,Monsey,US,2022-07-14 20:18:54,41.1112,-74.0685,88.79,47,86,7.65
412,Abalak,RU,2022-07-14 20:19:55,58.1286,68.5944,63.72,96,41,4.79
413,Qiongshan,CN,2022-07-14 20:19:55,20.0058,110.3542,80.58,94,0,4.47
414,Dieppe,FR,2022-07-14 20:15:15,49.75,1.1667,68.18,79,3,6.64
415,Talnakh,RU,2022-07-14 20:19:55,69.4865,88.3972,52.95,72,100,2.35
416,Filadelfia,US,2022-07-14 20:17:33,39.9523,-75.1638,92.17,44,40,11.5
417,Hobyo,SO,2022-07-14 20:19:56,5.3505,48.5268,77.9,82,100,23.51
418,Liverpool,GB,2022-07-14 20:17:05,53.4106,-2.9779,62.55,69,20,10.36
419,Manzhouli,CN,2022-07-14 20:19:56,49.6,117.4333,61.68,94,100,5.88
420,Jiaohe,CN,2022-07-14 20:19:56,43.7286,127.3447,63.0,98,100,3.09
421,Namatanai,PG,2022-07-14 20:19:57,-3.6667,152.4333,78.67,82,93,7.09
422,Klaksvik,FO,2022-07-14 20:18:21,62.2266,-6.589,50.92,78,83,13.0
423,Kingman,US,2022-07-14 20:19:57,35.1894,-114.053,98.08,57,75,20.71
424,Sept-Iles,CA,2022-07-14 20:19:58,50.2001,-66.3821,70.32,54,75,8.05
425,Atar,MR,2022-07-14 20:17:02,20.5169,-13.0499,96.91,26,97,1.21
426,Montepuez,MZ,2022-07-14 20:19:58,-13.1256,38.9997,64.98,71,7,6.46
427,Kurchum,KZ,2022-07-14 20:19:58,48.5722,83.6542,58.89,50,41,5.46
428,Sambo Creek,HN,2022-07-14 20:19:59,15.8167,-86.6833,88.07,70,75,19.57
429,Faanui,PF,2022-07-14 20:19:59,-16.4833,-151.75,77.27,68,100,25.99
430,Bouna,CI,2022-07-14 20:19:59,9.2667,-3.0,75.76,79,100,5.84
431,Jatiroto,ID,2022-07-14 20:20:00,-7.8833,111.1167,72.36,94,42,1.59
432,Lakatoro,VU,2022-07-14 20:20:00,-16.0999,167.4164,77.45,82,18,4.76
433,Sobolevo,RU,2022-07-14 20:20:00,54.4299,31.8996,55.53,95,45,7.54
434,Bridlington,GB,2022-07-14 20:20:01,54.0831,-0.1919,64.89,74,83,3.89
435,Freeport,US,2022-07-14 20:18:40,40.6576,-73.5832,91.38,49,20,6.91
436,Seminole,US,2022-07-14 20:20:01,28.7086,-81.2081,97.27,57,20,4.61
437,Villa Maria,AR,2022-07-14 20:20:01,-32.4075,-63.2402,66.81,54,0,5.12
438,Campbell River,CA,2022-07-14 20:15:14,50.0163,-125.2446,69.6,68,75,10.36
439,Tombouctou,ML,2022-07-14 20:20:02,20.0,-3.0,101.84,15,10,10.18
440,Laguna,US,2022-07-14 20:15:42,38.421,-121.4238,97.63,38,0,4.61
441,Hualmay,PE,2022-07-14 20:20:02,-11.0964,-77.6139,65.57,70,50,13.94
442,Urubicha,BO,2022-07-14 20:20:03,-15.3833,-62.95,88.81,40,90,6.04
443,Puerto Del Rosario,ES,2022-07-14 20:20:03,28.5004,-13.8627,74.95,69,20,17.27
444,Mnogovershinnyy,RU,2022-07-14 20:20:04,53.9353,139.9242,59.5,90,83,1.95
445,Yumen,CN,2022-07-14 20:20:04,40.2833,97.2,63.9,76,100,13.56
446,Pacific Grove,US,2022-07-14 20:17:51,36.6177,-121.9166,79.39,83,75,10.0
447,Hamburg,DE,2022-07-14 20:15:14,53.55,10.0,60.3,70,0,12.66
448,Las Palmas,ES,2022-07-14 20:20:05,28.4204,-14.0131,72.39,69,20,17.27
449,Moba,CN,2022-07-14 20:20:05,33.2288,105.0179,64.53,97,77,3.87
450,Te Anau,NZ,2022-07-14 20:20:05,-45.4167,167.7167,34.09,94,89,0.72
451,Chanute,US,2022-07-14 20:20:06,37.6792,-95.4572,98.71,32,0,9.22
452,Porto-Vecchio,FR,2022-07-14 20:20:06,41.591,9.2795,78.33,69,0,3.44
453,Nisia Floresta,BR,2022-07-14 20:20:06,-6.0911,-35.2086,80.98,79,14,11.74
454,Yakeshi,CN,2022-07-14 20:20:07,49.2833,120.7333,59.49,94,100,4.54
455,Vryburg,ZA,2022-07-14 20:20:07,-26.9566,24.7284,54.61,39,0,4.68
456,Findhorn,GB,2022-07-14 20:20:08,57.6572,-3.6085,60.91,75,75,9.22
457,Redmond,US,2022-07-14 20:20:08,47.674,-122.1215,80.71,53,0,3.0
458,Ugoofaaru,MV,2022-07-14 20:20:08,5.6667,73.0,82.83,78,83,16.53
459,Kyabram,AU,2022-07-14 20:20:09,-36.3167,145.05,36.86,89,5,2.19
460,Ijui,BR,2022-07-14 20:20:09,-28.3878,-53.9147,68.13,88,100,10.47
461,Jaboticabal,BR,2022-07-14 20:21:09,-21.2547,-48.3222,81.79,29,12,6.76
462,Jalu,LY,2022-07-14 20:21:10,29.0331,21.5482,81.3,38,0,17.98
463,Saint Anthony,US,2022-07-14 20:21:10,45.0205,-93.218,86.14,55,0,11.5
464,Vitim,RU,2022-07-14 20:21:10,59.4511,112.5578,59.34,99,100,3.83
465,Erdenet,MN,2022-07-14 20:21:11,49.0333,104.0833,48.38,90,72,2.64
466,Biled,RO,2022-07-14 20:21:11,45.8864,20.9589,79.18,30,90,6.29
467,Fereydun Kenar,IR,2022-07-14 20:21:11,36.6864,52.5225,80.82,83,0,0.0
468,Tacna,PE,2022-07-14 20:21:12,-18.0056,-70.2483,61.0,63,75,9.22
469,Burnie,AU,2022-07-14 20:21:12,-41.0667,145.9167,48.94,90,79,5.86
470,Northam,GB,2022-07-14 20:21:12,51.0333,-4.2167,61.61,74,1,9.91
471,Alice Springs,AU,2022-07-14 20:21:13,-23.7,133.8833,27.95,80,0,0.0
472,Hailar,CN,2022-07-14 20:21:13,49.2,119.7,61.11,96,100,6.8
473,Avera,US,2022-07-14 20:19:01,33.194,-82.5271,86.05,77,100,5.19
474,Celestun,MX,2022-07-14 20:21:14,20.8667,-90.4,90.14,55,100,8.72
475,Bathsheba,BB,2022-07-14 20:21:14,13.2167,-59.5167,88.41,85,20,19.57
476,Kaliua,TZ,2022-07-14 20:21:14,-5.0606,31.7936,67.71,40,0,4.12
477,Turinsk,RU,2022-07-14 20:21:15,58.0458,63.696,69.53,78,13,4.99
478,Hofn,IS,2022-07-14 20:21:15,64.2539,-15.2082,48.09,88,63,6.04
479,Ende,ID,2022-07-14 20:21:16,-8.8432,121.6623,72.79,87,21,1.45
480,Durant,US,2022-07-14 20:19:04,33.994,-96.3708,101.48,32,0,10.36
481,Palu,ID,2022-07-14 20:21:16,-0.8917,119.8707,73.96,95,100,3.56
482,Forest Grove,US,2022-07-14 20:21:16,45.5198,-123.1107,81.97,47,0,3.0
483,Carahue,CL,2022-07-14 20:21:17,-38.7,-73.1667,44.33,80,100,3.74
484,Coralville,US,2022-07-14 20:17:08,41.6764,-91.5805,86.23,66,0,10.36
485,Farmington,US,2022-07-14 20:18:00,36.7281,-108.2187,97.16,18,0,9.22
486,Saint-Georges,GD,2022-07-14 20:19:37,12.0564,-61.7485,85.68,70,40,11.5
487,Kimbe,PG,2022-07-14 20:21:18,-5.5502,150.1429,76.64,89,99,6.64
488,The Valley,AI,2022-07-14 20:19:49,18.217,-63.0578,85.86,80,36,23.06
489,Semey,KZ,2022-07-14 20:21:18,50.4111,80.2275,63.19,53,3,8.12
490,Cockburn Town,TC,2022-07-14 20:21:19,21.4612,-71.1419,81.1,78,90,19.77
491,Hastings,GB,2022-07-14 20:21:19,50.8552,0.5729,67.39,80,24,12.1
492,Kimberley,ZA,2022-07-14 20:21:19,-28.7323,24.7623,42.49,52,0,3.44
493,Acarau,BR,2022-07-14 20:21:20,-2.8856,-40.12,80.83,76,26,16.69
494,Smidovich,RU,2022-07-14 20:21:20,48.6,133.8167,65.3,97,100,8.43
495,Pryamitsyno,RU,2022-07-14 20:21:21,51.6561,35.9314,59.54,88,0,7.16
496,Ballinasloe,IE,2022-07-14 20:21:21,53.3275,-8.2194,58.59,82,100,9.13
497,Ati,TD,2022-07-14 20:21:21,13.2154,18.3353,82.24,58,100,2.77
498,Tromso,NO,2022-07-14 20:21:22,69.6496,18.957,53.62,87,75,4.61
499,Mastic Beach,US,2022-07-14 20:21:22,40.7668,-72.8521,88.57,72,20,3.0
500,Balikpapan,ID,2022-07-14 20:21:22,-1.2675,116.8289,76.19,100,20,2.3
501,Zhaotong,CN,2022-07-14 20:21:23,27.3167,103.7167,64.02,85,100,3.8
502,Togur,RU,2022-07-14 20:21:23,58.3631,82.8265,49.84,87,2,3.27
503,Beidao,CN,2022-07-14 20:21:24,34.5686,105.8933,73.83,90,97,2.62
504,Omsukchan,RU,2022-07-14 20:21:24,62.5333,155.8,63.54,61,100,7.7
505,Oriximina,BR,2022-07-14 20:22:24,-1.7656,-55.8661,87.57,57,86,4.83
506,Port Augusta,AU,2022-07-14 20:22:25,-32.5,137.7667,42.21,76,0,5.19
507,Port-Gentil,GA,2022-07-14 20:21:55,-0.7193,8.7815,75.16,83,40,8.05
508,Pemangkat,ID,2022-07-14 20:22:25,1.1667,108.9667,77.54,82,100,3.29
509,Isangel,VU,2022-07-14 20:22:25,-19.55,169.2667,75.31,94,100,1.14
510,Chikwawa,MW,2022-07-14 20:22:26,-16.0335,34.8009,69.37,60,67,2.06
511,Mirabad,AF,2022-07-14 20:22:26,30.4362,61.8383,91.35,13,0,20.18
512,Bagotville,AU,2022-07-14 20:22:26,-28.9833,153.4167,46.63,90,65,8.32
513,Coihaique,CL,2022-07-14 20:18:03,-45.5752,-72.0662,35.55,69,100,3.44
514,Mana,GF,2022-07-14 20:22:27,5.6592,-53.7767,81.16,85,51,5.68
515,Anahuac,MX,2022-07-14 20:22:27,27.2333,-100.15,100.42,29,24,14.76
516,Acajutla,SV,2022-07-14 20:22:28,13.5928,-89.8275,85.48,65,85,5.99
517,Nabire,ID,2022-07-14 20:22:28,-3.3667,135.4833,76.12,92,100,3.29
518,Elmina,GH,2022-07-14 20:22:28,5.0898,-1.348,75.2,89,25,10.0
519,Papara,BR,2022-07-14 20:22:29,-3.9839,-38.7273,79.2,73,57,4.72
520,Develi,TR,2022-07-14 20:22:29,38.3906,35.4922,60.15,71,0,3.65
521,Hokitika,NZ,2022-07-14 20:22:29,-42.7167,170.9667,45.61,74,89,4.7
522,Santa Cruz,BO,2022-07-14 20:22:29,-17.8,-63.1667,76.46,73,75,26.46
523,Eureka,US,2022-07-14 20:22:30,40.8021,-124.1637,76.68,77,67,4.0
524,Ngunguru,NZ,2022-07-14 20:22:30,-35.6167,174.5,53.98,88,100,8.25
525,Manggar,ID,2022-07-14 20:22:30,-2.8833,108.2667,81.09,79,81,7.43
526,Pizhanka,RU,2022-07-14 20:22:31,57.4604,48.542,62.92,98,76,9.1
527,Ishigaki,JP,2022-07-14 20:22:31,24.3448,124.1572,84.33,89,20,9.22
528,Oussouye,SN,2022-07-14 20:22:31,12.485,-16.5469,77.18,81,100,5.84
529,Siavonga,ZM,2022-07-14 20:22:32,-16.5382,28.7088,67.21,51,12,3.11
530,Byron Bay,AU,2022-07-14 20:22:32,-28.65,153.6167,46.71,81,95,12.84
531,Arnedo,ES,2022-07-14 20:22:32,42.2167,-2.1,87.3,21,5,6.64
532,Galdar,ES,2022-07-14 20:22:33,28.147,-15.6502,72.36,77,30,14.72
533,Anito,PH,2022-07-14 20:22:33,12.4497,125.2886,77.67,90,100,3.36
534,Bundaberg,AU,2022-07-14 20:22:33,-24.85,152.35,48.22,83,0,1.99
535,Callaway,US,2022-07-14 20:22:34,30.153,-85.5699,84.25,74,40,8.05
536,Tomatlan,MX,2022-07-14 20:22:34,19.9333,-105.25,91.38,57,30,10.74
537,Kirksville,US,2022-07-14 20:22:34,40.1948,-92.5833,92.05,48,0,8.05
538,Gizo,SB,2022-07-14 20:22:35,-8.103,156.8419,80.91,74,27,7.81
539,Beyneu,KZ,2022-07-14 20:22:35,45.3167,55.2,89.2,16,37,16.13
540,Edmond,US,2022-07-14 20:21:14,35.6528,-97.4781,103.75,28,0,10.0
541,Atambua,ID,2022-07-14 20:22:36,-9.1061,124.8925,66.13,84,10,5.73
542,Tipperary,IE,2022-07-14 20:21:33,52.4733,-8.1558,61.95,80,48,6.69
543,Biak,ID,2022-07-14 20:22:36,-0.9131,122.8766,73.33,93,100,5.03
544,Hokota,JP,2022-07-14 20:22:36,36.15,140.5167,73.8,100,75,6.91
545,Shimanovsk,RU,2022-07-14 20:22:37,52.0,127.7,68.56,76,73,4.65
546,Liwale,TZ,2022-07-14 20:22:37,-9.7667,37.9333,66.65,66,72,2.73
547,Dire,ML,2022-07-14 20:22:37,12.2833,-10.9667,78.73,86,93,5.21
548,Boende,CD,2022-07-14 20:22:38,-0.2167,20.8667,75.74,78,87,4.74
549,Ginda,IN,2022-07-14 20:22:38,30.6945,78.4932,66.07,84,100,6.51
550,Mizoch,UA,2022-07-14 20:22:39,50.4,26.15,61.97,85,39,2.48
551,Coolidge,US,2022-07-14 20:22:39,32.9778,-111.5176,107.47,22,0,5.75
552,Dingle,PH,2022-07-14 20:22:39,10.9995,122.6711,75.47,92,71,1.19
553,Sol-Iletsk,RU,2022-07-14 20:22:39,51.1631,54.9918,75.96,48,79,2.33
554,Petrovac,RS,2022-07-14 20:23:40,44.3769,21.4192,71.51,38,18,5.64
555,Luziania,BR,2022-07-14 20:23:40,-16.2525,-47.9503,78.49,28,6,7.7
556,Port Lincoln,AU,2022-07-14 20:23:40,-34.7333,135.8667,49.35,67,39,11.74
557,Fez,MA,2022-07-14 20:23:41,34.0372,-4.9998,95.25,29,40,10.36
558,Meulaboh,ID,2022-07-14 20:22:17,4.1363,96.1285,76.08,89,71,5.64
559,Tingi,TZ,2022-07-14 20:23:41,-11.3,35.0333,57.2,79,5,3.36
560,Lasa,IT,2022-07-14 20:21:55,46.6166,10.7002,72.48,74,21,2.73
561,Montauban,FR,2022-07-14 20:23:42,44.0833,1.5,83.41,22,3,4.74
562,Crnici,BA,2022-07-14 20:23:42,43.1289,17.8667,78.58,36,0,3.36
563,Maldonado,UY,2022-07-14 20:23:42,-34.6667,-54.9167,60.22,84,80,9.46
564,Saint-Louis,SN,2022-07-14 20:23:43,16.3333,-15.0,96.39,35,37,12.48
565,Kamaishi,JP,2022-07-14 20:23:43,39.2667,141.8833,68.92,94,100,4.21
566,Haines Junction,CA,2022-07-14 20:23:43,60.7522,-137.5108,51.75,71,97,3.44
567,Bongandanga,CD,2022-07-14 20:23:44,1.5,21.05,71.89,95,100,2.75
568,Tezu,IN,2022-07-14 20:23:44,27.9167,96.1667,78.26,86,55,4.74
569,San Borja,BO,2022-07-14 20:23:44,-14.8167,-66.85,79.54,79,90,5.48
570,Polovinnoye,RU,2022-07-14 20:23:45,54.7914,65.9864,65.7,93,66,7.02
571,Srednekolymsk,RU,2022-07-14 20:19:57,67.45,153.6833,53.51,40,68,10.94
572,Tarakan,ID,2022-07-14 20:23:45,3.3,117.6333,77.97,82,100,5.03
573,San Patricio,US,2022-07-14 20:23:45,28.017,-97.5169,99.32,37,35,15.55
574,Presidencia Roque Saenz Pena,AR,2022-07-14 20:23:46,-26.7852,-60.4388,83.57,45,97,6.26
